,var,geo,_param,_domain,_estimate,_stderror,_lci,_uci,_cv
0,race_socservices,nation,mean,,2.7233154860035644,0.021978818150301005,2.6802045163888173,2.7664264556183116,0.008070610350971374
