,var,geo,_param,_domain,_estimate,_stderror,_lci,_uci,_cv
0,ss_a_historywork,nation,mean,,2.3393966592539224,0.01908282588771788,2.301966114927878,2.3768272035799667,0.008157157022616143
