,var,geo,_param,_domain,_estimate,_stderror,_lci,_uci,_cv
0,ss_b_historymarry,nation,mean,,2.924864209889166,0.023725096229561354,2.87832795413305,2.971400465645282,0.008111520579090536
