,var,geo,_param,_domain,_estimate,_stderror,_lci,_uci,_cv
0,race_successful,nation,mean,,3.3284925809438435,0.025563371085008883,3.278350589388159,3.378634572499528,0.0076801646581288185
