,var,geo,_param,_domain,_estimate,_stderror,_lci,_uci,_cv
0,ss_6_current,nation,mean,,3.003908861434319,0.0166265868411421,2.9712961761114,3.036521546757238,0.005534983785494467
