,var,geo,_param,_domain,_estimate,_stderror,_lci,_uci,_cv
0,ss_10_past,nation,mean,,2.7405093541169143,0.018184440017397555,2.70484097396607,2.7761777342677587,0.0066354234442148816
