,var,geo,_param,_domain,_estimate,_stderror,_lci,_uci,_cv
0,race_whiteadvantage,nation,mean,,3.5276508305753014,0.026595031797328608,3.475485259165714,3.5798164019848886,0.007539020462802267
