,var,geo,_param,_domain,_estimate,_stderror,_lci,_uci,_cv
0,ss_d_currentmarry,nation,mean,,3.9817591113953625,0.025226718144681415,3.9322774571963968,4.031240765594328,0.006335571148059983
