,var,geo,_param,_domain,_estimate,_stderror,_lci,_uci,_cv
0,ss_6_current,nation,mean,,3.5644832148436385,0.018527597830159708,3.5281417381715032,3.600824691515774,0.0051978356225679265
