,var,geo,_param,_domain,_estimate,_stderror,_lci,_uci,_cv
0,ss_6_past,nation,mean,,2.632130434571544,0.018893226126280624,2.5950717860179835,2.669189083125105,0.007177921685843827
