,var,geo,_param,_domain,_estimate,_stderror,_lci,_uci,_cv
0,race_whiteblame,nation,mean,,2.9897187409837715,0.02676208470093988,2.937225498968677,3.0422119829988663,0.008951372025093496
