,var,geo,_param,_domain,_estimate,_stderror,_lci,_uci,_cv
0,ss_c_currentwork,nation,mean,,3.524799171385006,0.020905235688251873,3.4837940102165468,3.565804332553465,0.005930901215015192
