,var,geo,_param,_domain,_estimate,_stderror,_lci,_uci,_cv
0,race_minadvantage,nation,mean,,3.164490385637166,0.02800051220373642,3.1095679952448463,3.2194127760294857,0.008848348009152997
