,var,geo,_param,_domain,_estimate,_stderror,_lci,_uci,_cv
0,racial_privilege,nation,mean,,3.094056548232529,0.01138543569915075,3.071724265890495,3.1163888305745626,0.0036797762166482216
