,var,geo,_param,_domain,_estimate,_stderror,_lci,_uci,_cv
0,ss_historysteal,nation,mean,,2.8154695124082187,0.02467198945844645,2.7670759463572674,2.86386307845917,0.008763010698468975
