,var,geo,_param,_domain,_estimate,_stderror,_lci,_uci,_cv
0,racial_privilege,nation,mean,,21.658395837627697,0.07969804989405532,21.50206986123346,21.814721814021937,0.0036797762166482255
