,var,geo,_param,_domain,_estimate,_stderror,_lci,_uci,_cv
0,ss_10_current,nation,mean,,3.6792417160717545,0.018240585990844722,3.643463206825764,3.715020225317745,0.004957702537228186
