,var,geo,_param,_domain,_estimate,_stderror,_lci,_uci,_cv
0,ss_10_current,nation,mean,,3.305525480465542,0.016558244510766765,3.273046847124311,3.3380041138067726,0.005009262402791929
