,var,geo,_param,_domain,_estimate,_stderror,_lci,_uci,_cv
0,ss_f_trust,nation,mean,,3.4898956415822378,0.02679335370801252,3.437341066095772,3.5424502170687036,0.007677408283723073
