,var,geo,_param,_domain,_estimate,_stderror,_lci,_uci,_cv
0,stigma_10item_composite,nation,mean,,3.303748771289819,0.01531478591622828,3.2737091547018893,3.3337883878777483,0.004635578240487465
