,var,geo,_param,_domain,_estimate,_stderror,_lci,_uci,_cv
0,race_prison,nation,mean,,2.663505601616358,0.02803501138209544,2.6085155418425545,2.718495661390161,0.01052560631563241
