,var,geo,_param,_domain,_estimate,_stderror,_lci,_uci,_cv
0,stigma_6item_composite,nation,mean,,3.2536989547529402,0.01620922183779347,3.2219049217276368,3.2854929877782437,0.004981782907147987
