,var,geo,_param,_domain,_estimate,_stderror,_lci,_uci,_cv
0,ss_historyhighrisk,nation,mean,,2.8823070349163498,0.022521759128280156,2.838131098484725,2.9264829713479745,0.007813795981986277
