,var,geo,_param,_domain,_estimate,_stderror,_lci,_uci,_cv
0,ss_currentsteal,nation,mean,,3.8875428967085863,0.02599607352365476,3.836552168812434,3.9385336246047387,0.006687019079754594
