,var,geo,_param,_domain,_estimate,_stderror,_lci,_uci,_cv
0,race_rich,nation,mean,,3.261222211867695,0.028488792931479635,3.2053420695401598,3.3171023541952303,0.008735618452434176
